
{
    "region" : "us-east-1",
    "configuration" : "Debug",
    "framework"     : "net9.0",
    "self-contained" : false,
    "application"    : "PratikCVApi",
    "environment"    : "PratikCVApi-env",
    "enable-xray"    : false,
    "enhanced-health-type" : "basic",
    "additional-options"   : "\"aws:autoscaling:launchconfiguration,SecurityGroups\"=\"sg-0520fe489a905065a\";\"aws:ec2:vpc,Subnets\"=\"subnet-00919c0cea16151b4\"",
    "solution-stack"       : "64bit Amazon Linux 2 v2.11.1 running .NET Core",
    "environment-type"     : "SingleInstance",
    "cname"                : "pratikcvapi-env",
    "instance-type"        : "t3a.medium",
    "key-pair"             : "",
    "instance-profile"     : "pratikcv-api-role-ec2",
    "service-role"         : "pratikcv-api-role",
    "proxy-server"         : "nginx"
}