
{
    "region" : "eu-north-1",
    "configuration" : "Debug",
    "framework"     : "net9.0",
    "self-contained" : false,
    "application"    : "PratikCV",
    "environment"    : "PratikCV-env",
    "enable-xray"    : false,
    "enhanced-health-type" : "enhanced",
    "additional-options"   : "",
    "solution-stack"       : "64bit Amazon Linux 2 v2.11.1 running .NET Core",
    "environment-type"     : "SingleInstance",
    "cname"                : "pratikcvapi-env",
    "instance-type"        : "t3a.medium",
    "key-pair"             : "",
    "instance-profile"     : "pratikcv-api-role-ec2",
    "service-role"         : "pratikcv-api-role",
    "proxy-server"         : "nginx"
}